{"accuracy": 0.4224759638309479, "loss": 1.7094354629516602}