{"accuracy": 0.10200000554323196, "loss": 2.427858591079712, "perplexity": 11.33458423614502}