{"accuracy": 0.42237579822540283, "loss": 1.6746834516525269}