{"accuracy": 0.12200000882148743, "loss": 2.365659475326538, "perplexity": 10.651060104370117}