{"accuracy": 0.5920146703720093, "loss": 0.6763992309570312, "perplexity": 1.966783046722412}