{"accuracy": 0.17800000309944153, "loss": 2.241204261779785, "perplexity": 9.40464973449707}