{"accuracy": 0.17800000309944153, "loss": 2.241586446762085, "perplexity": 9.408245086669922}