{"accuracy": 0.6252868175506592, "loss": 0.6331627368927002, "perplexity": 1.8835583925247192}