{"accuracy": 0.6315999627113342, "loss": 0.6539342999458313, "perplexity": 1.9230918884277344}