{"accuracy": 0.3845152258872986, "loss": 1.797257423400879}