{"accuracy": 0.40034055709838867, "loss": 1.7466264963150024}