{"accuracy": 0.6138136982917786, "loss": 0.6445307731628418, "perplexity": 1.9050928354263306}