{"accuracy": 0.17250001430511475, "loss": 2.2420830726623535, "perplexity": 9.412919044494629}