{"accuracy": 0.4225761294364929, "loss": 1.6958818435668945}