{"accuracy": 0.4205729365348816, "loss": 1.6797353029251099}