{"accuracy": 0.6268399953842163, "loss": 0.6484074592590332, "perplexity": 1.9124926328659058}