{"accuracy": 0.1730000078678131, "loss": 2.6976065635681152, "perplexity": 14.844160079956055}