{"accuracy": 0.17800000309944153, "loss": 2.246126413345337, "perplexity": 9.451055526733398}