{"accuracy": 0.6397199630737305, "loss": 0.6403006911277771, "perplexity": 1.897051215171814}