{"accuracy": 0.17250001430511475, "loss": 2.245021104812622, "perplexity": 9.440614700317383}