{"accuracy": 0.317307710647583, "loss": 1.9050369262695312}