{"accuracy": 0.41436299681663513, "loss": 1.7024986743927002}