{"accuracy": 0.08150000125169754, "loss": 2.466508388519287, "perplexity": 11.78123950958252}