{"accuracy": 0.4311898946762085, "loss": 1.6787774562835693}