{"accuracy": 0.4170673191547394, "loss": 1.7022228240966797}