{"accuracy": 0.4307892620563507, "loss": 1.6581761837005615}