{"accuracy": 0.6290729641914368, "loss": 0.6321158409118652, "perplexity": 1.8815875053405762}