{"accuracy": 0.18700000643730164, "loss": 2.239375591278076, "perplexity": 9.387467384338379}