{"accuracy": 0.17800000309944153, "loss": 2.240405321121216, "perplexity": 9.397139549255371}