{"accuracy": 0.6475600004196167, "loss": 0.6308760643005371, "perplexity": 1.879256248474121}