{"accuracy": 0.6112895607948303, "loss": 0.656229555606842, "perplexity": 1.9275110960006714}