{"accuracy": 0.6106585264205933, "loss": 0.6642841100692749, "perplexity": 1.9430989027023315}