{"accuracy": 0.31089743971824646, "loss": 1.88819420337677}