{"accuracy": 0.4006410241127014, "loss": 1.7773103713989258}