{"accuracy": 0.5722234845161438, "loss": 0.6704565286636353, "perplexity": 1.9551297426223755}