{"accuracy": 0.6352800130844116, "loss": 0.6422345042228699, "perplexity": 1.9007232189178467}