{"accuracy": 0.6403200030326843, "loss": 0.638923168182373, "perplexity": 1.8944398164749146}