{"accuracy": 0.639519989490509, "loss": 0.6495220065116882, "perplexity": 1.9146254062652588}