{"accuracy": 0.17800000309944153, "loss": 2.256514310836792, "perplexity": 9.54974365234375}