{"accuracy": 0.5822625160217285, "loss": 0.6590374112129211, "perplexity": 1.932930827140808}