{"accuracy": 0.6220799684524536, "loss": 0.6553142070770264, "perplexity": 1.9257475137710571}