{"accuracy": 0.40234375, "loss": 1.7382149696350098}