{"accuracy": 0.5979233384132385, "loss": 0.6598353385925293, "perplexity": 1.9344737529754639}