{"accuracy": 0.6244399547576904, "loss": 0.6501898169517517, "perplexity": 1.9159045219421387}