{"accuracy": 0.5243231058120728, "loss": 0.6866304278373718, "perplexity": 1.9870089292526245}