{"accuracy": 0.5855897068977356, "loss": 0.6629791855812073, "perplexity": 1.9405648708343506}