{"accuracy": 0.40815305709838867, "loss": 1.7343062162399292}