{"accuracy": 0.6394799947738647, "loss": 0.6382478475570679, "perplexity": 1.8931608200073242}