{"accuracy": 0.3149038553237915, "loss": 1.9058215618133545}