{"accuracy": 0.39853766560554504, "loss": 1.7336770296096802}