{"accuracy": 0.6022257804870605, "loss": 0.6531969904899597, "perplexity": 1.9216746091842651}