{"accuracy": 0.17800000309944153, "loss": 2.2449517250061035, "perplexity": 9.439959526062012}