{"accuracy": 0.6174851059913635, "loss": 0.6383522152900696, "perplexity": 1.8933584690093994}