{"accuracy": 0.16750000417232513, "loss": 2.5761983394622803, "perplexity": 13.147062301635742}