{"accuracy": 0.6273199915885925, "loss": 0.6473246216773987, "perplexity": 1.910422921180725}