{"accuracy": 0.17800000309944153, "loss": 2.2406880855560303, "perplexity": 9.399796485900879}