{"accuracy": 0.6233199834823608, "loss": 0.6503739953041077, "perplexity": 1.916257381439209}