{"accuracy": 0.17800000309944153, "loss": 2.239715814590454, "perplexity": 9.39066219329834}