{"accuracy": 0.5940224528312683, "loss": 0.6604791879653931, "perplexity": 1.935719609260559}