{"accuracy": 0.579795777797699, "loss": 0.6649137139320374, "perplexity": 1.9443225860595703}